id,scholarship_id,deadline
1,34,July
2,37,July
3,38,July
4,39,July
5,86,July
6,94,July
7,95,July
8,111,July
9,163,July
10,176,July
11,195,July
12,220,July
13,223,July
14,232,July
15,288,July
16,357,July
17,361,July
18,366,July
19,391,July
20,399,July
21,400,July
22,408,July
23,415,July
24,429,July
25,438,July
26,460,July
27,462,July
28,473,July
29,484,July
30,490,July
31,499,July
32,538,July
33,540,July
34,541,July
35,573,July
36,582,July
37,586,July
38,618,July
39,620,July
40,626,July
41,666,July
42,682,July
43,691,July
44,695,July
45,702,July
46,714,July
47,719,July
48,724,July
49,742,July
50,772,July
51,830,July
52,831,July
53,833,July
54,850,July
55,864,July
56,867,July
57,886,July
58,888,July
59,933,July
60,944,July
61,963,July
62,965,July
63,1003,July
64,1009,July
65,1027,July
66,1030,July
67,1040,July
68,1129,July
69,1163,July
70,4,January
71,7,January
72,13,January
73,19,January
74,21,January
75,22,January
76,26,January
77,35,January
78,40,January
79,50,January
80,53,January
81,55,January
82,56,January
83,57,January
84,81,January
85,83,January
86,86,January
87,101,January
88,108,January
89,126,January
90,127,January
91,132,January
92,133,January
93,137,January
94,143,January
95,153,January
96,155,January
97,172,January
98,185,January
99,188,January
100,195,January
101,198,January
102,201,January
103,209,January
104,224,January
105,227,January
106,237,January
107,242,January
108,255,January
109,256,January
110,258,January
111,259,January
112,271,January
113,278,January
114,280,January
115,296,January
116,303,January
117,304,January
118,321,January
119,322,January
120,324,January
121,332,January
122,340,January
123,361,January
124,369,January
125,374,January
126,379,January
127,382,January
128,393,January
129,406,January
130,447,January
131,450,January
132,456,January
133,465,January
134,484,January
135,511,January
136,520,January
137,531,January
138,580,January
139,581,January
140,615,January
141,623,January
142,624,January
143,628,January
144,629,January
145,631,January
146,633,January
147,634,January
148,647,January
149,663,January
150,673,January
151,686,January
152,715,January
153,732,January
154,746,January
155,774,January
156,775,January
157,779,January
158,807,January
159,813,January
160,834,January
161,847,January
162,849,January
163,861,January
164,872,January
165,880,January
166,892,January
167,902,January
168,944,January
169,947,January
170,952,January
171,960,January
172,962,January
173,967,January
174,977,January
175,978,January
176,984,January
177,986,January
178,993,January
179,1000,January
180,1017,January
181,1026,January
182,1029,January
183,1036,January
184,1048,January
185,1055,January
186,1056,January
187,1060,January
188,1073,January
189,1074,January
190,1083,January
191,1090,January
192,1095,January
193,1104,January
194,1108,January
195,1127,January
196,1132,January
197,1140,January
198,1147,January
199,1148,January
200,1149,January
201,1171,January
202,1172,January
203,8,Unknown
204,28,Unknown
205,49,Unknown
206,66,Unknown
207,80,Unknown
208,85,Unknown
209,88,Unknown
210,89,Unknown
211,100,Unknown
212,102,Unknown
213,104,Unknown
214,109,Unknown
215,112,Unknown
216,114,Unknown
217,131,Unknown
218,159,Unknown
219,169,Unknown
220,170,Unknown
221,177,Unknown
222,180,Unknown
223,191,Unknown
224,203,Unknown
225,204,Unknown
226,207,Unknown
227,212,Unknown
228,217,Unknown
229,234,Unknown
230,241,Unknown
231,244,Unknown
232,247,Unknown
233,263,Unknown
234,264,Unknown
235,265,Unknown
236,269,Unknown
237,275,Unknown
238,284,Unknown
239,287,Unknown
240,293,Unknown
241,327,Unknown
242,328,Unknown
243,337,Unknown
244,342,Unknown
245,345,Unknown
246,355,Unknown
247,363,Unknown
248,368,Unknown
249,385,Unknown
250,396,Unknown
251,397,Unknown
252,403,Unknown
253,412,Unknown
254,414,Unknown
255,419,Unknown
256,420,Unknown
257,425,Unknown
258,442,Unknown
259,448,Unknown
260,453,Unknown
261,480,Unknown
262,502,Unknown
263,514,Unknown
264,533,Unknown
265,534,Unknown
266,544,Unknown
267,547,Unknown
268,552,Unknown
269,554,Unknown
270,569,Unknown
271,570,Unknown
272,575,Unknown
273,587,Unknown
274,591,Unknown
275,592,Unknown
276,596,Unknown
277,601,Unknown
278,611,Unknown
279,616,Unknown
280,622,Unknown
281,630,Unknown
282,636,Unknown
283,637,Unknown
284,638,Unknown
285,642,Unknown
286,650,Unknown
287,654,Unknown
288,675,Unknown
289,680,Unknown
290,696,Unknown
291,721,Unknown
292,726,Unknown
293,733,Unknown
294,743,Unknown
295,744,Unknown
296,755,Unknown
297,760,Unknown
298,770,Unknown
299,786,Unknown
300,790,Unknown
301,794,Unknown
302,796,Unknown
303,798,Unknown
304,806,Unknown
305,811,Unknown
306,820,Unknown
307,826,Unknown
308,835,Unknown
309,836,Unknown
310,844,Unknown
311,852,Unknown
312,856,Unknown
313,860,Unknown
314,874,Unknown
315,875,Unknown
316,877,Unknown
317,901,Unknown
318,903,Unknown
319,913,Unknown
320,920,Unknown
321,934,Unknown
322,949,Unknown
323,968,Unknown
324,987,Unknown
325,994,Unknown
326,995,Unknown
327,1010,Unknown
328,1012,Unknown
329,1028,Unknown
330,1047,Unknown
331,1049,Unknown
332,1061,Unknown
333,1065,Unknown
334,1078,Unknown
335,1082,Unknown
336,1102,Unknown
337,1113,Unknown
338,1124,Unknown
339,1125,Unknown
340,1130,Unknown
341,1138,Unknown
342,1139,Unknown
343,1143,Unknown
344,1152,Unknown
345,1162,Unknown
346,1164,Unknown
347,1174,Unknown
348,1175,Unknown
349,2,Febuary
350,30,Febuary
351,43,Febuary
352,61,Febuary
353,65,Febuary
354,68,Febuary
355,75,Febuary
356,136,Febuary
357,145,Febuary
358,150,Febuary
359,151,Febuary
360,172,Febuary
361,179,Febuary
362,195,Febuary
363,210,Febuary
364,246,Febuary
365,270,Febuary
366,272,Febuary
367,274,Febuary
368,276,Febuary
369,277,Febuary
370,285,Febuary
371,291,Febuary
372,300,Febuary
373,305,Febuary
374,315,Febuary
375,329,Febuary
376,404,Febuary
377,413,Febuary
378,466,Febuary
379,519,Febuary
380,530,Febuary
381,535,Febuary
382,553,Febuary
383,561,Febuary
384,577,Febuary
385,594,Febuary
386,604,Febuary
387,610,Febuary
388,621,Febuary
389,655,Febuary
390,656,Febuary
391,657,Febuary
392,663,Febuary
393,665,Febuary
394,697,Febuary
395,728,Febuary
396,739,Febuary
397,752,Febuary
398,782,Febuary
399,783,Febuary
400,795,Febuary
401,809,Febuary
402,848,Febuary
403,888,Febuary
404,904,Febuary
405,916,Febuary
406,948,Febuary
407,958,Febuary
408,969,Febuary
409,981,Febuary
410,1000,Febuary
411,1005,Febuary
412,1013,Febuary
413,1081,Febuary
414,1089,Febuary
415,1094,Febuary
416,1115,Febuary
417,1117,Febuary
418,1122,Febuary
419,1123,Febuary
420,1145,Febuary
421,1167,Febuary
422,3,June
423,6,June
424,14,June
425,40,June
426,47,June
427,95,June
428,107,June
429,119,June
430,128,June
431,130,June
432,135,June
433,144,June
434,164,June
435,168,June
436,173,June
437,193,June
438,195,June
439,245,June
440,251,June
441,261,June
442,301,June
443,306,June
444,315,June
445,317,June
446,323,June
447,346,June
448,370,June
449,434,June
450,460,June
451,472,June
452,494,June
453,505,June
454,507,June
455,528,June
456,561,June
457,567,June
458,584,June
459,607,June
460,617,June
461,619,June
462,631,June
463,633,June
464,634,June
465,671,June
466,676,June
467,679,June
468,687,June
469,703,June
470,723,June
471,741,June
472,768,June
473,776,June
474,789,June
475,808,June
476,829,June
477,847,June
478,861,June
479,868,June
480,878,June
481,880,June
482,915,June
483,925,June
484,929,June
485,956,June
486,959,June
487,1006,June
488,1008,June
489,1024,June
490,1034,June
491,1049,June
492,1055,June
493,1056,June
494,1070,June
495,1076,June
496,1079,June
497,1084,June
498,1114,June
499,1126,June
500,1134,June
501,1135,June
502,1136,June
503,1137,June
504,1142,June
505,1169,June
506,11,April
507,25,April
508,58,April
509,59,April
510,73,April
511,95,April
512,97,April
513,116,April
514,120,April
515,129,April
516,135,April
517,147,April
518,149,April
519,160,April
520,161,April
521,166,April
522,175,April
523,195,April
524,234,April
525,238,April
526,248,April
527,282,April
528,289,April
529,292,April
530,297,April
531,307,April
532,311,April
533,312,April
534,319,April
535,336,April
536,352,April
537,358,April
538,399,April
539,435,April
540,460,April
541,472,April
542,474,April
543,476,April
544,493,April
545,498,April
546,510,April
547,543,April
548,562,April
549,567,April
550,571,April
551,578,April
552,588,April
553,590,April
554,606,April
555,608,April
556,643,April
557,644,April
558,645,April
559,657,April
560,672,April
561,673,April
562,694,April
563,710,April
564,727,April
565,729,April
566,757,April
567,766,April
568,787,April
569,802,April
570,822,April
571,839,April
572,842,April
573,859,April
574,863,April
575,900,April
576,907,April
577,911,April
578,912,April
579,918,April
580,919,April
581,927,April
582,938,April
583,967,April
584,974,April
585,990,April
586,991,April
587,1020,April
588,1033,April
589,1045,April
590,1057,April
591,1091,April
592,1107,April
593,1110,April
594,1116,April
595,1120,April
596,1153,April
597,1173,April
598,1181,April
599,1182,April
600,12,September
601,20,September
602,27,September
603,29,September
604,30,September
605,69,September
606,76,September
607,84,September
608,87,September
609,95,September
610,103,September
611,154,September
612,162,September
613,167,September
614,187,September
615,195,September
616,196,September
617,209,September
618,213,September
619,215,September
620,221,September
621,230,September
622,236,September
623,243,September
624,249,September
625,253,September
626,311,September
627,313,September
628,326,September
629,332,September
630,335,September
631,336,September
632,341,September
633,348,September
634,351,September
635,353,September
636,359,September
637,371,September
638,372,September
639,373,September
640,374,September
641,377,September
642,383,September
643,386,September
644,398,September
645,400,September
646,409,September
647,413,September
648,417,September
649,418,September
650,430,September
651,437,September
652,443,September
653,446,September
654,451,September
655,457,September
656,463,September
657,464,September
658,476,September
659,478,September
660,479,September
661,487,September
662,489,September
663,495,September
664,500,September
665,501,September
666,504,September
667,506,September
668,507,September
669,515,September
670,517,September
671,529,September
672,531,September
673,532,September
674,536,September
675,551,September
676,555,September
677,558,September
678,563,September
679,576,September
680,583,September
681,589,September
682,597,September
683,599,September
684,602,September
685,603,September
686,614,September
687,656,September
688,658,September
689,659,September
690,664,September
691,667,September
692,668,September
693,669,September
694,670,September
695,683,September
696,684,September
697,685,September
698,692,September
699,698,September
700,699,September
701,707,September
702,711,September
703,730,September
704,731,September
705,735,September
706,738,September
707,749,September
708,751,September
709,753,September
710,754,September
711,758,September
712,762,September
713,764,September
714,765,September
715,769,September
716,778,September
717,780,September
718,781,September
719,788,September
720,797,September
721,799,September
722,802,September
723,803,September
724,815,September
725,824,September
726,827,September
727,828,September
728,832,September
729,837,September
730,842,September
731,843,September
732,845,September
733,849,September
734,853,September
735,854,September
736,866,September
737,871,September
738,893,September
739,899,September
740,921,September
741,930,September
742,937,September
743,953,September
744,980,September
745,998,September
746,1001,September
747,1004,September
748,1016,September
749,1025,September
750,1031,September
751,1041,September
752,1050,September
753,1063,September
754,1072,September
755,1087,September
756,1095,September
757,1110,September
758,1112,September
759,1157,September
760,9,November
761,17,November
762,23,November
763,48,November
764,62,November
765,63,November
766,67,November
767,77,November
768,90,November
769,93,November
770,105,November
771,113,November
772,125,November
773,135,November
774,157,November
775,158,November
776,195,November
777,206,November
778,211,November
779,214,November
780,225,November
781,228,November
782,240,November
783,254,November
784,260,November
785,269,November
786,274,November
787,306,November
788,320,November
789,343,November
790,360,November
791,366,November
792,389,November
793,393,November
794,395,November
795,441,November
796,444,November
797,445,November
798,455,November
799,469,November
800,470,November
801,476,November
802,482,November
803,485,November
804,491,November
805,493,November
806,496,November
807,510,November
808,525,November
809,542,November
810,548,November
811,564,November
812,594,November
813,595,November
814,598,November
815,605,November
816,623,November
817,632,November
818,639,November
819,651,November
820,652,November
821,661,November
822,673,November
823,705,November
824,706,November
825,718,November
826,771,November
827,825,November
828,831,November
829,851,November
830,855,November
831,858,November
832,862,November
833,889,November
834,896,November
835,897,November
836,899,November
837,905,November
838,926,November
839,943,November
840,959,November
841,983,November
842,985,November
843,988,November
844,989,November
845,996,November
846,1000,November
847,1021,November
848,1030,November
849,1032,November
850,1038,November
851,1039,November
852,1049,November
853,1062,November
854,1075,November
855,1086,November
856,1091,November
857,1119,November
858,1121,November
859,1129,November
860,1144,November
861,1151,November
862,1177,November
863,1181,November
864,1185,November
865,17,March
866,32,March
867,44,March
868,54,March
869,70,March
870,79,March
871,82,March
872,92,March
873,99,March
874,115,March
875,117,March
876,122,March
877,134,March
878,145,March
879,149,March
880,152,March
881,162,March
882,183,March
883,192,March
884,195,March
885,201,March
886,205,March
887,206,March
888,229,March
889,230,March
890,231,March
891,239,March
892,266,March
893,268,March
894,281,March
895,294,March
896,298,March
897,310,March
898,344,March
899,356,March
900,364,March
901,376,March
902,386,March
903,387,March
904,388,March
905,401,March
906,402,March
907,407,March
908,411,March
909,416,March
910,427,March
911,428,March
912,497,March
913,507,March
914,508,March
915,509,March
916,512,March
917,516,March
918,537,March
919,539,March
920,579,March
921,593,March
922,602,March
923,613,March
924,619,March
925,665,March
926,666,March
927,673,March
928,674,March
929,690,March
930,693,March
931,698,March
932,700,March
933,717,March
934,718,March
935,745,March
936,747,March
937,761,March
938,785,March
939,791,March
940,792,March
941,804,March
942,805,March
943,812,March
944,827,March
945,838,March
946,857,March
947,865,March
948,866,March
949,869,March
950,894,March
951,899,March
952,908,March
953,909,March
954,910,March
955,914,March
956,931,March
957,946,March
958,954,March
959,971,March
960,1022,March
961,1032,March
962,1035,March
963,1037,March
964,1041,March
965,1046,March
966,1051,March
967,1054,March
968,1068,March
969,1069,March
970,1070,March
971,1129,March
972,1136,March
973,1156,March
974,1165,March
975,1180,March
976,41,August
977,64,August
978,95,August
979,98,August
980,110,August
981,121,August
982,135,August
983,140,August
984,141,August
985,142,August
986,156,August
987,195,August
988,197,August
989,200,August
990,208,August
991,223,August
992,233,August
993,279,August
994,314,August
995,318,August
996,330,August
997,353,August
998,388,August
999,390,August
1000,394,August
1001,400,August
1002,404,August
1003,422,August
1004,423,August
1005,424,August
1006,427,August
1007,431,August
1008,461,August
1009,475,August
1010,481,August
1011,513,August
1012,518,August
1013,521,August
1014,537,August
1015,559,August
1016,560,August
1017,629,August
1018,701,August
1019,756,August
1020,759,August
1021,801,August
1022,814,August
1023,816,August
1024,823,August
1025,873,August
1026,876,August
1027,883,August
1028,890,August
1029,891,August
1030,899,August
1031,914,August
1032,917,August
1033,919,August
1034,928,August
1035,941,August
1036,942,August
1037,945,August
1038,966,August
1039,975,August
1040,1044,August
1041,1067,August
1042,1068,August
1043,1077,August
1044,1101,August
1045,1103,August
1046,1111,August
1047,1118,August
1048,1131,August
1049,1136,August
1050,1154,August
1051,1161,August
1052,1178,August
1053,174,Unknown
1054,325,Unknown
1055,1,October
1056,5,October
1057,15,October
1058,16,October
1059,18,October
1060,25,October
1061,46,October
1062,51,October
1063,72,October
1064,77,October
1065,91,October
1066,95,October
1067,118,October
1068,146,October
1069,147,October
1070,165,October
1071,178,October
1072,182,October
1073,194,October
1074,195,October
1075,199,October
1076,202,October
1077,216,October
1078,218,October
1079,220,October
1080,222,October
1081,235,October
1082,250,October
1083,257,October
1084,262,October
1085,267,October
1086,273,October
1087,292,October
1088,297,October
1089,299,October
1090,302,October
1091,316,October
1092,331,October
1093,365,October
1094,367,October
1095,375,October
1096,380,October
1097,392,October
1098,433,October
1099,436,October
1100,439,October
1101,440,October
1102,449,October
1103,452,October
1104,454,October
1105,458,October
1106,471,October
1107,477,October
1108,516,October
1109,522,October
1110,526,October
1111,527,October
1112,546,October
1113,549,October
1114,561,October
1115,562,October
1116,565,October
1117,566,October
1118,568,October
1119,572,October
1120,578,October
1121,589,October
1122,608,October
1123,609,October
1124,612,October
1125,621,October
1126,635,October
1127,648,October
1128,649,October
1129,651,October
1130,653,October
1131,673,October
1132,678,October
1133,681,October
1134,688,October
1135,689,October
1136,704,October
1137,709,October
1138,712,October
1139,717,October
1140,722,October
1141,748,October
1142,750,October
1143,766,October
1144,773,October
1145,800,October
1146,840,October
1147,846,October
1148,870,October
1149,879,October
1150,881,October
1151,882,October
1152,885,October
1153,895,October
1154,906,October
1155,912,October
1156,932,October
1157,935,October
1158,940,October
1159,941,October
1160,950,October
1161,951,October
1162,955,October
1163,957,October
1164,961,October
1165,972,October
1166,976,October
1167,992,October
1168,1007,October
1169,1019,October
1170,1042,October
1171,1043,October
1172,1058,October
1173,1066,October
1174,1080,October
1175,1092,October
1176,1096,October
1177,1098,October
1178,1099,October
1179,1105,October
1180,1109,October
1181,1128,October
1182,1150,October
1183,1155,October
1184,1176,October
1185,1183,October
1186,10,December
1187,13,December
1188,24,December
1189,31,December
1190,33,December
1191,36,December
1192,45,December
1193,52,December
1194,60,December
1195,78,December
1196,88,December
1197,96,December
1198,106,December
1199,112,December
1200,123,December
1201,137,December
1202,184,December
1203,186,December
1204,189,December
1205,195,December
1206,219,December
1207,226,December
1208,241,December
1209,283,December
1210,286,December
1211,290,December
1212,295,December
1213,309,December
1214,339,December
1215,354,December
1216,358,December
1217,362,December
1218,373,December
1219,384,December
1220,432,December
1221,459,December
1222,467,December
1223,468,December
1224,483,December
1225,486,December
1226,492,December
1227,507,December
1228,518,December
1229,524,December
1230,545,December
1231,550,December
1232,582,December
1233,607,December
1234,627,December
1235,640,December
1236,660,December
1237,662,December
1238,663,December
1239,677,December
1240,716,December
1241,720,December
1242,725,December
1243,734,December
1244,767,December
1245,777,December
1246,784,December
1247,816,December
1248,817,December
1249,819,December
1250,841,December
1251,922,December
1252,923,December
1253,924,December
1254,939,December
1255,947,December
1256,956,December
1257,973,December
1258,979,December
1259,982,December
1260,1000,December
1261,1011,December
1262,1014,December
1263,1018,December
1264,1023,December
1265,1052,December
1266,1053,December
1267,1059,December
1268,1064,December
1269,1070,December
1270,1093,December
1271,1106,December
1272,1137,December
1273,1140,December
1274,1166,December
1275,1168,December
1276,1170,December
1277,1179,December
1278,1184,December
1279,42,May
1280,65,May
1281,71,May
1282,73,May
1283,74,May
1284,95,May
1285,124,May
1286,125,May
1287,138,May
1288,139,May
1289,148,May
1290,149,May
1291,171,May
1292,181,May
1293,190,May
1294,195,May
1295,222,May
1296,224,May
1297,252,May
1298,258,May
1299,259,May
1300,272,May
1301,308,May
1302,333,May
1303,334,May
1304,338,May
1305,347,May
1306,349,May
1307,350,May
1308,373,May
1309,374,May
1310,378,May
1311,381,May
1312,405,May
1313,410,May
1314,421,May
1315,426,May
1316,466,May
1317,469,May
1318,476,May
1319,479,May
1320,488,May
1321,503,May
1322,523,May
1323,556,May
1324,557,May
1325,567,May
1326,574,May
1327,585,May
1328,600,May
1329,625,May
1330,641,May
1331,646,May
1332,648,May
1333,651,May
1334,652,May
1335,673,May
1336,674,May
1337,676,May
1338,708,May
1339,713,May
1340,736,May
1341,737,May
1342,740,May
1343,763,May
1344,774,May
1345,775,May
1346,793,May
1347,810,May
1348,818,May
1349,819,May
1350,821,May
1351,825,May
1352,845,May
1353,884,May
1354,887,May
1355,897,May
1356,898,May
1357,899,May
1358,915,May
1359,924,May
1360,936,May
1361,964,May
1362,970,May
1363,982,May
1364,997,May
1365,999,May
1366,1002,May
1367,1015,May
1368,1066,May
1369,1071,May
1370,1085,May
1371,1088,May
1372,1095,May
1373,1097,May
1374,1100,May
1375,1133,May
1376,1141,May
1377,1146,May
1378,1158,May
1379,1159,May
1380,1160,May
1381,1184,May
