id,scholarship_id,study_level
1,28,Not specified
2,51,Not specified
3,64,Not specified
4,70,Not specified
5,81,Not specified
6,98,Not specified
7,99,Not specified
8,100,Not specified
9,114,Not specified
10,129,Not specified
11,161,Not specified
12,173,Not specified
13,184,Not specified
14,185,Not specified
15,190,Not specified
16,191,Not specified
17,210,Not specified
18,235,Not specified
19,248,Not specified
20,313,Not specified
21,316,Not specified
22,326,Not specified
23,343,Not specified
24,347,Not specified
25,352,Not specified
26,370,Not specified
27,371,Not specified
28,397,Not specified
29,413,Not specified
30,415,Not specified
31,434,Not specified
32,438,Not specified
33,445,Not specified
34,446,Not specified
35,452,Not specified
36,474,Not specified
37,503,Not specified
38,532,Not specified
39,542,Not specified
40,551,Not specified
41,558,Not specified
42,560,Not specified
43,567,Not specified
44,585,Not specified
45,597,Not specified
46,605,Not specified
47,633,Not specified
48,638,Not specified
49,668,Not specified
50,669,Not specified
51,683,Not specified
52,687,Not specified
53,722,Not specified
54,723,Not specified
55,779,Not specified
56,785,Not specified
57,792,Not specified
58,794,Not specified
59,803,Not specified
60,817,Not specified
61,843,Not specified
62,849,Not specified
63,851,Not specified
64,938,Not specified
65,945,Not specified
66,949,Not specified
67,995,Not specified
68,1006,Not specified
69,1031,Not specified
70,1144,Not specified
71,1153,Not specified
72,1164,Not specified
73,1166,Not specified
74,1175,Not specified
75,1177,Not specified
76,1179,Not specified
77,11,Highschool
78,73,Highschool
79,80,Highschool
80,84,Highschool
81,87,Highschool
82,139,Highschool
83,142,Highschool
84,176,Highschool
85,180,Highschool
86,194,Highschool
87,247,Highschool
88,264,Highschool
89,300,Highschool
90,317,Highschool
91,414,Highschool
92,422,Highschool
93,424,Highschool
94,481,Highschool
95,530,Highschool
96,559,Highschool
97,592,Highschool
98,704,Highschool
99,735,Highschool
100,741,Highschool
101,742,Highschool
102,789,Highschool
103,814,Highschool
104,843,Highschool
105,854,Highschool
106,881,Highschool
107,896,Highschool
108,898,Highschool
109,994,Highschool
110,1007,Highschool
111,1043,Highschool
112,1141,Highschool
113,1154,Highschool
114,1167,Highschool
115,1178,Highschool
116,6,PhD
117,8,PhD
118,9,PhD
119,10,PhD
120,13,PhD
121,14,PhD
122,18,PhD
123,22,PhD
124,25,PhD
125,27,PhD
126,34,PhD
127,36,PhD
128,41,PhD
129,45,PhD
130,47,PhD
131,48,PhD
132,50,PhD
133,56,PhD
134,65,PhD
135,66,PhD
136,69,PhD
137,70,PhD
138,77,PhD
139,78,PhD
140,90,PhD
141,91,PhD
142,93,PhD
143,105,PhD
144,106,PhD
145,123,PhD
146,126,PhD
147,132,PhD
148,137,PhD
149,145,PhD
150,147,PhD
151,148,PhD
152,152,PhD
153,153,PhD
154,160,PhD
155,161,PhD
156,163,PhD
157,174,PhD
158,178,PhD
159,179,PhD
160,186,PhD
161,187,PhD
162,200,PhD
163,203,PhD
164,204,PhD
165,205,PhD
166,206,PhD
167,211,PhD
168,217,PhD
169,221,PhD
170,225,PhD
171,241,PhD
172,246,PhD
173,250,PhD
174,253,PhD
175,255,PhD
176,257,PhD
177,263,PhD
178,266,PhD
179,275,PhD
180,277,PhD
181,279,PhD
182,287,PhD
183,292,PhD
184,296,PhD
185,297,PhD
186,308,PhD
187,322,PhD
188,325,PhD
189,327,PhD
190,330,PhD
191,331,PhD
192,334,PhD
193,345,PhD
194,359,PhD
195,360,PhD
196,365,PhD
197,366,PhD
198,367,PhD
199,368,PhD
200,376,PhD
201,382,PhD
202,386,PhD
203,387,PhD
204,388,PhD
205,392,PhD
206,401,PhD
207,402,PhD
208,405,PhD
209,407,PhD
210,412,PhD
211,416,PhD
212,420,PhD
213,421,PhD
214,425,PhD
215,426,PhD
216,431,PhD
217,437,PhD
218,439,PhD
219,443,PhD
220,447,PhD
221,448,PhD
222,449,PhD
223,450,PhD
224,451,PhD
225,454,PhD
226,455,PhD
227,460,PhD
228,467,PhD
229,468,PhD
230,469,PhD
231,480,PhD
232,489,PhD
233,492,PhD
234,502,PhD
235,505,PhD
236,508,PhD
237,510,PhD
238,512,PhD
239,546,PhD
240,548,PhD
241,556,PhD
242,557,PhD
243,565,PhD
244,571,PhD
245,572,PhD
246,573,PhD
247,574,PhD
248,575,PhD
249,578,PhD
250,582,PhD
251,583,PhD
252,584,PhD
253,589,PhD
254,594,PhD
255,595,PhD
256,596,PhD
257,602,PhD
258,603,PhD
259,606,PhD
260,608,PhD
261,613,PhD
262,614,PhD
263,619,PhD
264,625,PhD
265,652,PhD
266,654,PhD
267,658,PhD
268,659,PhD
269,664,PhD
270,670,PhD
271,676,PhD
272,677,PhD
273,684,PhD
274,685,PhD
275,694,PhD
276,695,PhD
277,697,PhD
278,698,PhD
279,701,PhD
280,702,PhD
281,705,PhD
282,706,PhD
283,707,PhD
284,712,PhD
285,714,PhD
286,717,PhD
287,718,PhD
288,720,PhD
289,724,PhD
290,730,PhD
291,731,PhD
292,734,PhD
293,738,PhD
294,740,PhD
295,746,PhD
296,747,PhD
297,748,PhD
298,749,PhD
299,750,PhD
300,751,PhD
301,753,PhD
302,754,PhD
303,755,PhD
304,756,PhD
305,757,PhD
306,758,PhD
307,759,PhD
308,760,PhD
309,764,PhD
310,766,PhD
311,767,PhD
312,768,PhD
313,770,PhD
314,771,PhD
315,784,PhD
316,786,PhD
317,787,PhD
318,797,PhD
319,799,PhD
320,800,PhD
321,805,PhD
322,811,PhD
323,815,PhD
324,816,PhD
325,824,PhD
326,825,PhD
327,831,PhD
328,832,PhD
329,842,PhD
330,850,PhD
331,853,PhD
332,854,PhD
333,857,PhD
334,868,PhD
335,869,PhD
336,871,PhD
337,873,PhD
338,876,PhD
339,883,PhD
340,887,PhD
341,888,PhD
342,891,PhD
343,896,PhD
344,897,PhD
345,905,PhD
346,907,PhD
347,908,PhD
348,909,PhD
349,910,PhD
350,912,PhD
351,915,PhD
352,924,PhD
353,929,PhD
354,940,PhD
355,941,PhD
356,943,PhD
357,950,PhD
358,951,PhD
359,953,PhD
360,955,PhD
361,959,PhD
362,963,PhD
363,964,PhD
364,968,PhD
365,969,PhD
366,973,PhD
367,974,PhD
368,976,PhD
369,983,PhD
370,984,PhD
371,985,PhD
372,990,PhD
373,996,PhD
374,1022,PhD
375,1025,PhD
376,1033,PhD
377,1036,PhD
378,1042,PhD
379,1047,PhD
380,1050,PhD
381,1064,PhD
382,1066,PhD
383,1077,PhD
384,1079,PhD
385,1080,PhD
386,1086,PhD
387,1087,PhD
388,1098,PhD
389,1099,PhD
390,1101,PhD
391,1102,PhD
392,1107,PhD
393,1110,PhD
394,1111,PhD
395,1114,PhD
396,1118,PhD
397,1119,PhD
398,1120,PhD
399,1121,PhD
400,1123,PhD
401,1128,PhD
402,1132,PhD
403,1135,PhD
404,1136,PhD
405,1147,PhD
406,1148,PhD
407,1151,PhD
408,1154,PhD
409,1168,PhD
410,1176,PhD
411,1180,PhD
412,1182,PhD
413,6,Postgraduate
414,12,Postgraduate
415,16,Postgraduate
416,24,Postgraduate
417,25,Postgraduate
418,27,Postgraduate
419,33,Postgraduate
420,36,Postgraduate
421,43,Postgraduate
422,44,Postgraduate
423,46,Postgraduate
424,48,Postgraduate
425,50,Postgraduate
426,60,Postgraduate
427,62,Postgraduate
428,74,Postgraduate
429,77,Postgraduate
430,83,Postgraduate
431,85,Postgraduate
432,87,Postgraduate
433,92,Postgraduate
434,93,Postgraduate
435,94,Postgraduate
436,97,Postgraduate
437,104,Postgraduate
438,112,Postgraduate
439,120,Postgraduate
440,121,Postgraduate
441,124,Postgraduate
442,125,Postgraduate
443,127,Postgraduate
444,131,Postgraduate
445,140,Postgraduate
446,149,Postgraduate
447,158,Postgraduate
448,159,Postgraduate
449,161,Postgraduate
450,162,Postgraduate
451,168,Postgraduate
452,169,Postgraduate
453,174,Postgraduate
454,175,Postgraduate
455,177,Postgraduate
456,181,Postgraduate
457,183,Postgraduate
458,190,Postgraduate
459,192,Postgraduate
460,195,Postgraduate
461,197,Postgraduate
462,198,Postgraduate
463,203,Postgraduate
464,208,Postgraduate
465,212,Postgraduate
466,219,Postgraduate
467,221,Postgraduate
468,222,Postgraduate
469,223,Postgraduate
470,235,Postgraduate
471,243,Postgraduate
472,253,Postgraduate
473,254,Postgraduate
474,266,Postgraduate
475,277,Postgraduate
476,285,Postgraduate
477,286,Postgraduate
478,287,Postgraduate
479,288,Postgraduate
480,290,Postgraduate
481,291,Postgraduate
482,294,Postgraduate
483,309,Postgraduate
484,314,Postgraduate
485,315,Postgraduate
486,325,Postgraduate
487,328,Postgraduate
488,336,Postgraduate
489,338,Postgraduate
490,339,Postgraduate
491,355,Postgraduate
492,358,Postgraduate
493,360,Postgraduate
494,361,Postgraduate
495,362,Postgraduate
496,363,Postgraduate
497,373,Postgraduate
498,374,Postgraduate
499,383,Postgraduate
500,386,Postgraduate
501,388,Postgraduate
502,400,Postgraduate
503,403,Postgraduate
504,404,Postgraduate
505,407,Postgraduate
506,410,Postgraduate
507,418,Postgraduate
508,420,Postgraduate
509,423,Postgraduate
510,426,Postgraduate
511,429,Postgraduate
512,430,Postgraduate
513,433,Postgraduate
514,440,Postgraduate
515,441,Postgraduate
516,442,Postgraduate
517,444,Postgraduate
518,454,Postgraduate
519,463,Postgraduate
520,464,Postgraduate
521,469,Postgraduate
522,470,Postgraduate
523,471,Postgraduate
524,472,Postgraduate
525,475,Postgraduate
526,482,Postgraduate
527,486,Postgraduate
528,487,Postgraduate
529,488,Postgraduate
530,495,Postgraduate
531,502,Postgraduate
532,505,Postgraduate
533,507,Postgraduate
534,508,Postgraduate
535,518,Postgraduate
536,524,Postgraduate
537,525,Postgraduate
538,526,Postgraduate
539,531,Postgraduate
540,533,Postgraduate
541,537,Postgraduate
542,538,Postgraduate
543,540,Postgraduate
544,541,Postgraduate
545,543,Postgraduate
546,549,Postgraduate
547,553,Postgraduate
548,554,Postgraduate
549,556,Postgraduate
550,563,Postgraduate
551,568,Postgraduate
552,572,Postgraduate
553,582,Postgraduate
554,587,Postgraduate
555,589,Postgraduate
556,598,Postgraduate
557,599,Postgraduate
558,602,Postgraduate
559,603,Postgraduate
560,604,Postgraduate
561,611,Postgraduate
562,615,Postgraduate
563,616,Postgraduate
564,620,Postgraduate
565,625,Postgraduate
566,631,Postgraduate
567,634,Postgraduate
568,635,Postgraduate
569,637,Postgraduate
570,639,Postgraduate
571,641,Postgraduate
572,646,Postgraduate
573,654,Postgraduate
574,658,Postgraduate
575,659,Postgraduate
576,664,Postgraduate
577,666,Postgraduate
578,667,Postgraduate
579,671,Postgraduate
580,672,Postgraduate
581,673,Postgraduate
582,674,Postgraduate
583,678,Postgraduate
584,680,Postgraduate
585,685,Postgraduate
586,689,Postgraduate
587,691,Postgraduate
588,694,Postgraduate
589,700,Postgraduate
590,703,Postgraduate
591,706,Postgraduate
592,707,Postgraduate
593,713,Postgraduate
594,724,Postgraduate
595,725,Postgraduate
596,728,Postgraduate
597,732,Postgraduate
598,733,Postgraduate
599,734,Postgraduate
600,735,Postgraduate
601,760,Postgraduate
602,765,Postgraduate
603,770,Postgraduate
604,774,Postgraduate
605,778,Postgraduate
606,780,Postgraduate
607,781,Postgraduate
608,786,Postgraduate
609,788,Postgraduate
610,789,Postgraduate
611,791,Postgraduate
612,800,Postgraduate
613,801,Postgraduate
614,806,Postgraduate
615,815,Postgraduate
616,816,Postgraduate
617,824,Postgraduate
618,827,Postgraduate
619,832,Postgraduate
620,836,Postgraduate
621,839,Postgraduate
622,844,Postgraduate
623,847,Postgraduate
624,854,Postgraduate
625,859,Postgraduate
626,862,Postgraduate
627,870,Postgraduate
628,877,Postgraduate
629,880,Postgraduate
630,888,Postgraduate
631,889,Postgraduate
632,890,Postgraduate
633,891,Postgraduate
634,893,Postgraduate
635,896,Postgraduate
636,899,Postgraduate
637,901,Postgraduate
638,904,Postgraduate
639,905,Postgraduate
640,910,Postgraduate
641,923,Postgraduate
642,925,Postgraduate
643,926,Postgraduate
644,929,Postgraduate
645,930,Postgraduate
646,931,Postgraduate
647,940,Postgraduate
648,943,Postgraduate
649,947,Postgraduate
650,956,Postgraduate
651,957,Postgraduate
652,961,Postgraduate
653,963,Postgraduate
654,967,Postgraduate
655,979,Postgraduate
656,980,Postgraduate
657,983,Postgraduate
658,1003,Postgraduate
659,1008,Postgraduate
660,1021,Postgraduate
661,1024,Postgraduate
662,1041,Postgraduate
663,1058,Postgraduate
664,1061,Postgraduate
665,1063,Postgraduate
666,1069,Postgraduate
667,1070,Postgraduate
668,1071,Postgraduate
669,1072,Postgraduate
670,1074,Postgraduate
671,1078,Postgraduate
672,1080,Postgraduate
673,1082,Postgraduate
674,1090,Postgraduate
675,1091,Postgraduate
676,1096,Postgraduate
677,1106,Postgraduate
678,1107,Postgraduate
679,1108,Postgraduate
680,1110,Postgraduate
681,1116,Postgraduate
682,1120,Postgraduate
683,1124,Postgraduate
684,1126,Postgraduate
685,1127,Postgraduate
686,1129,Postgraduate
687,1130,Postgraduate
688,1134,Postgraduate
689,1137,Postgraduate
690,1146,Postgraduate
691,1155,Postgraduate
692,1165,Postgraduate
693,1178,Postgraduate
694,3,Undergraduate
695,4,Undergraduate
696,5,Undergraduate
697,13,Undergraduate
698,16,Undergraduate
699,19,Undergraduate
700,20,Undergraduate
701,21,Undergraduate
702,23,Undergraduate
703,27,Undergraduate
704,30,Undergraduate
705,31,Undergraduate
706,35,Undergraduate
707,37,Undergraduate
708,40,Undergraduate
709,42,Undergraduate
710,49,Undergraduate
711,50,Undergraduate
712,52,Undergraduate
713,53,Undergraduate
714,54,Undergraduate
715,56,Undergraduate
716,58,Undergraduate
717,59,Undergraduate
718,60,Undergraduate
719,62,Undergraduate
720,63,Undergraduate
721,65,Undergraduate
722,72,Undergraduate
723,74,Undergraduate
724,75,Undergraduate
725,76,Undergraduate
726,79,Undergraduate
727,83,Undergraduate
728,86,Undergraduate
729,87,Undergraduate
730,88,Undergraduate
731,89,Undergraduate
732,93,Undergraduate
733,94,Undergraduate
734,96,Undergraduate
735,97,Undergraduate
736,101,Undergraduate
737,102,Undergraduate
738,103,Undergraduate
739,104,Undergraduate
740,108,Undergraduate
741,109,Undergraduate
742,110,Undergraduate
743,113,Undergraduate
744,118,Undergraduate
745,119,Undergraduate
746,120,Undergraduate
747,122,Undergraduate
748,130,Undergraduate
749,131,Undergraduate
750,132,Undergraduate
751,135,Undergraduate
752,136,Undergraduate
753,141,Undergraduate
754,143,Undergraduate
755,149,Undergraduate
756,154,Undergraduate
757,156,Undergraduate
758,157,Undergraduate
759,160,Undergraduate
760,161,Undergraduate
761,167,Undergraduate
762,168,Undergraduate
763,169,Undergraduate
764,171,Undergraduate
765,177,Undergraduate
766,178,Undergraduate
767,180,Undergraduate
768,181,Undergraduate
769,182,Undergraduate
770,189,Undergraduate
771,190,Undergraduate
772,193,Undergraduate
773,200,Undergraduate
774,203,Undergraduate
775,206,Undergraduate
776,207,Undergraduate
777,212,Undergraduate
778,214,Undergraduate
779,218,Undergraduate
780,227,Undergraduate
781,228,Undergraduate
782,229,Undergraduate
783,230,Undergraduate
784,231,Undergraduate
785,234,Undergraduate
786,235,Undergraduate
787,236,Undergraduate
788,239,Undergraduate
789,240,Undergraduate
790,244,Undergraduate
791,245,Undergraduate
792,249,Undergraduate
793,253,Undergraduate
794,255,Undergraduate
795,258,Undergraduate
796,259,Undergraduate
797,260,Undergraduate
798,261,Undergraduate
799,262,Undergraduate
800,265,Undergraduate
801,269,Undergraduate
802,270,Undergraduate
803,271,Undergraduate
804,274,Undergraduate
805,279,Undergraduate
806,281,Undergraduate
807,283,Undergraduate
808,289,Undergraduate
809,292,Undergraduate
810,298,Undergraduate
811,299,Undergraduate
812,302,Undergraduate
813,303,Undergraduate
814,307,Undergraduate
815,309,Undergraduate
816,310,Undergraduate
817,311,Undergraduate
818,312,Undergraduate
819,315,Undergraduate
820,321,Undergraduate
821,323,Undergraduate
822,324,Undergraduate
823,327,Undergraduate
824,328,Undergraduate
825,332,Undergraduate
826,335,Undergraduate
827,337,Undergraduate
828,338,Undergraduate
829,339,Undergraduate
830,340,Undergraduate
831,341,Undergraduate
832,344,Undergraduate
833,345,Undergraduate
834,348,Undergraduate
835,349,Undergraduate
836,351,Undergraduate
837,353,Undergraduate
838,354,Undergraduate
839,364,Undergraduate
840,372,Undergraduate
841,373,Undergraduate
842,375,Undergraduate
843,378,Undergraduate
844,380,Undergraduate
845,384,Undergraduate
846,386,Undergraduate
847,388,Undergraduate
848,393,Undergraduate
849,394,Undergraduate
850,395,Undergraduate
851,396,Undergraduate
852,399,Undergraduate
853,400,Undergraduate
854,403,Undergraduate
855,405,Undergraduate
856,406,Undergraduate
857,409,Undergraduate
858,410,Undergraduate
859,411,Undergraduate
860,416,Undergraduate
861,418,Undergraduate
862,419,Undergraduate
863,421,Undergraduate
864,426,Undergraduate
865,427,Undergraduate
866,428,Undergraduate
867,430,Undergraduate
868,435,Undergraduate
869,439,Undergraduate
870,453,Undergraduate
871,457,Undergraduate
872,458,Undergraduate
873,459,Undergraduate
874,460,Undergraduate
875,463,Undergraduate
876,464,Undergraduate
877,465,Undergraduate
878,466,Undergraduate
879,469,Undergraduate
880,472,Undergraduate
881,473,Undergraduate
882,476,Undergraduate
883,478,Undergraduate
884,479,Undergraduate
885,482,Undergraduate
886,483,Undergraduate
887,484,Undergraduate
888,485,Undergraduate
889,493,Undergraduate
890,498,Undergraduate
891,502,Undergraduate
892,509,Undergraduate
893,511,Undergraduate
894,512,Undergraduate
895,513,Undergraduate
896,514,Undergraduate
897,515,Undergraduate
898,516,Undergraduate
899,517,Undergraduate
900,519,Undergraduate
901,520,Undergraduate
902,521,Undergraduate
903,522,Undergraduate
904,528,Undergraduate
905,529,Undergraduate
906,531,Undergraduate
907,533,Undergraduate
908,534,Undergraduate
909,537,Undergraduate
910,539,Undergraduate
911,540,Undergraduate
912,544,Undergraduate
913,545,Undergraduate
914,550,Undergraduate
915,553,Undergraduate
916,554,Undergraduate
917,561,Undergraduate
918,563,Undergraduate
919,568,Undergraduate
920,569,Undergraduate
921,570,Undergraduate
922,573,Undergraduate
923,584,Undergraduate
924,588,Undergraduate
925,590,Undergraduate
926,591,Undergraduate
927,593,Undergraduate
928,600,Undergraduate
929,601,Undergraduate
930,603,Undergraduate
931,607,Undergraduate
932,609,Undergraduate
933,610,Undergraduate
934,611,Undergraduate
935,617,Undergraduate
936,618,Undergraduate
937,622,Undergraduate
938,623,Undergraduate
939,624,Undergraduate
940,625,Undergraduate
941,626,Undergraduate
942,629,Undergraduate
943,632,Undergraduate
944,634,Undergraduate
945,639,Undergraduate
946,647,Undergraduate
947,649,Undergraduate
948,650,Undergraduate
949,654,Undergraduate
950,656,Undergraduate
951,657,Undergraduate
952,658,Undergraduate
953,660,Undergraduate
954,661,Undergraduate
955,662,Undergraduate
956,663,Undergraduate
957,666,Undergraduate
958,667,Undergraduate
959,672,Undergraduate
960,673,Undergraduate
961,674,Undergraduate
962,675,Undergraduate
963,676,Undergraduate
964,686,Undergraduate
965,690,Undergraduate
966,691,Undergraduate
967,693,Undergraduate
968,694,Undergraduate
969,696,Undergraduate
970,697,Undergraduate
971,698,Undergraduate
972,706,Undergraduate
973,708,Undergraduate
974,709,Undergraduate
975,710,Undergraduate
976,715,Undergraduate
977,716,Undergraduate
978,719,Undergraduate
979,721,Undergraduate
980,724,Undergraduate
981,727,Undergraduate
982,728,Undergraduate
983,729,Undergraduate
984,735,Undergraduate
985,736,Undergraduate
986,737,Undergraduate
987,740,Undergraduate
988,744,Undergraduate
989,752,Undergraduate
990,760,Undergraduate
991,762,Undergraduate
992,769,Undergraduate
993,772,Undergraduate
994,773,Undergraduate
995,775,Undergraduate
996,776,Undergraduate
997,777,Undergraduate
998,778,Undergraduate
999,781,Undergraduate
1000,782,Undergraduate
1001,783,Undergraduate
1002,789,Undergraduate
1003,790,Undergraduate
1004,795,Undergraduate
1005,797,Undergraduate
1006,798,Undergraduate
1007,802,Undergraduate
1008,805,Undergraduate
1009,806,Undergraduate
1010,809,Undergraduate
1011,810,Undergraduate
1012,812,Undergraduate
1013,813,Undergraduate
1014,815,Undergraduate
1015,816,Undergraduate
1016,819,Undergraduate
1017,820,Undergraduate
1018,821,Undergraduate
1019,822,Undergraduate
1020,823,Undergraduate
1021,824,Undergraduate
1022,826,Undergraduate
1023,831,Undergraduate
1024,832,Undergraduate
1025,835,Undergraduate
1026,839,Undergraduate
1027,840,Undergraduate
1028,843,Undergraduate
1029,844,Undergraduate
1030,847,Undergraduate
1031,852,Undergraduate
1032,854,Undergraduate
1033,856,Undergraduate
1034,858,Undergraduate
1035,859,Undergraduate
1036,860,Undergraduate
1037,861,Undergraduate
1038,862,Undergraduate
1039,863,Undergraduate
1040,864,Undergraduate
1041,865,Undergraduate
1042,866,Undergraduate
1043,874,Undergraduate
1044,875,Undergraduate
1045,877,Undergraduate
1046,878,Undergraduate
1047,882,Undergraduate
1048,884,Undergraduate
1049,885,Undergraduate
1050,886,Undergraduate
1051,891,Undergraduate
1052,893,Undergraduate
1053,896,Undergraduate
1054,897,Undergraduate
1055,898,Undergraduate
1056,901,Undergraduate
1057,903,Undergraduate
1058,906,Undergraduate
1059,909,Undergraduate
1060,910,Undergraduate
1061,911,Undergraduate
1062,912,Undergraduate
1063,913,Undergraduate
1064,914,Undergraduate
1065,918,Undergraduate
1066,919,Undergraduate
1067,920,Undergraduate
1068,921,Undergraduate
1069,922,Undergraduate
1070,927,Undergraduate
1071,931,Undergraduate
1072,932,Undergraduate
1073,933,Undergraduate
1074,934,Undergraduate
1075,935,Undergraduate
1076,937,Undergraduate
1077,939,Undergraduate
1078,940,Undergraduate
1079,943,Undergraduate
1080,947,Undergraduate
1081,948,Undergraduate
1082,952,Undergraduate
1083,957,Undergraduate
1084,958,Undergraduate
1085,975,Undergraduate
1086,977,Undergraduate
1087,982,Undergraduate
1088,988,Undergraduate
1089,989,Undergraduate
1090,991,Undergraduate
1091,992,Undergraduate
1092,993,Undergraduate
1093,999,Undergraduate
1094,1000,Undergraduate
1095,1001,Undergraduate
1096,1002,Undergraduate
1097,1003,Undergraduate
1098,1004,Undergraduate
1099,1005,Undergraduate
1100,1008,Undergraduate
1101,1010,Undergraduate
1102,1014,Undergraduate
1103,1015,Undergraduate
1104,1016,Undergraduate
1105,1017,Undergraduate
1106,1018,Undergraduate
1107,1023,Undergraduate
1108,1027,Undergraduate
1109,1028,Undergraduate
1110,1029,Undergraduate
1111,1030,Undergraduate
1112,1032,Undergraduate
1113,1034,Undergraduate
1114,1035,Undergraduate
1115,1044,Undergraduate
1116,1046,Undergraduate
1117,1048,Undergraduate
1118,1049,Undergraduate
1119,1051,Undergraduate
1120,1052,Undergraduate
1121,1053,Undergraduate
1122,1059,Undergraduate
1123,1060,Undergraduate
1124,1062,Undergraduate
1125,1065,Undergraduate
1126,1067,Undergraduate
1127,1068,Undergraduate
1128,1071,Undergraduate
1129,1074,Undergraduate
1130,1076,Undergraduate
1131,1081,Undergraduate
1132,1085,Undergraduate
1133,1089,Undergraduate
1134,1092,Undergraduate
1135,1093,Undergraduate
1136,1095,Undergraduate
1137,1097,Undergraduate
1138,1105,Undergraduate
1139,1107,Undergraduate
1140,1108,Undergraduate
1141,1109,Undergraduate
1142,1111,Undergraduate
1143,1112,Undergraduate
1144,1113,Undergraduate
1145,1117,Undergraduate
1146,1122,Undergraduate
1147,1124,Undergraduate
1148,1125,Undergraduate
1149,1127,Undergraduate
1150,1139,Undergraduate
1151,1140,Undergraduate
1152,1146,Undergraduate
1153,1150,Undergraduate
1154,1152,Undergraduate
1155,1156,Undergraduate
1156,1157,Undergraduate
1157,1158,Undergraduate
1158,1168,Undergraduate
1159,1169,Undergraduate
1160,1170,Undergraduate
1161,1173,Undergraduate
1162,1174,Undergraduate
1163,1178,Undergraduate
1164,1182,Undergraduate
1165,1183,Undergraduate
1166,1184,Undergraduate
1167,1185,Undergraduate
1168,1,Master
1169,2,Master
1170,3,Master
1171,7,Master
1172,12,Master
1173,13,Master
1174,15,Master
1175,17,Master
1176,18,Master
1177,22,Master
1178,24,Master
1179,26,Master
1180,27,Master
1181,29,Master
1182,32,Master
1183,34,Master
1184,35,Master
1185,36,Master
1186,38,Master
1187,39,Master
1188,41,Master
1189,47,Master
1190,48,Master
1191,50,Master
1192,55,Master
1193,56,Master
1194,57,Master
1195,61,Master
1196,65,Master
1197,67,Master
1198,68,Master
1199,71,Master
1200,77,Master
1201,79,Master
1202,82,Master
1203,85,Master
1204,86,Master
1205,90,Master
1206,91,Master
1207,92,Master
1208,95,Master
1209,98,Master
1210,107,Master
1211,111,Master
1212,115,Master
1213,116,Master
1214,117,Master
1215,122,Master
1216,126,Master
1217,128,Master
1218,130,Master
1219,132,Master
1220,133,Master
1221,134,Master
1222,138,Master
1223,144,Master
1224,146,Master
1225,147,Master
1226,149,Master
1227,150,Master
1228,151,Master
1229,152,Master
1230,153,Master
1231,155,Master
1232,160,Master
1233,161,Master
1234,163,Master
1235,164,Master
1236,165,Master
1237,166,Master
1238,167,Master
1239,168,Master
1240,170,Master
1241,172,Master
1242,174,Master
1243,178,Master
1244,181,Master
1245,182,Master
1246,187,Master
1247,188,Master
1248,190,Master
1249,193,Master
1250,196,Master
1251,199,Master
1252,200,Master
1253,201,Master
1254,202,Master
1255,203,Master
1256,205,Master
1257,206,Master
1258,209,Master
1259,211,Master
1260,213,Master
1261,215,Master
1262,216,Master
1263,220,Master
1264,221,Master
1265,224,Master
1266,226,Master
1267,232,Master
1268,233,Master
1269,236,Master
1270,237,Master
1271,238,Master
1272,241,Master
1273,242,Master
1274,246,Master
1275,250,Master
1276,251,Master
1277,252,Master
1278,253,Master
1279,255,Master
1280,256,Master
1281,258,Master
1282,259,Master
1283,266,Master
1284,267,Master
1285,268,Master
1286,272,Master
1287,273,Master
1288,275,Master
1289,276,Master
1290,277,Master
1291,278,Master
1292,279,Master
1293,280,Master
1294,282,Master
1295,284,Master
1296,286,Master
1297,288,Master
1298,289,Master
1299,290,Master
1300,292,Master
1301,293,Master
1302,295,Master
1303,296,Master
1304,297,Master
1305,301,Master
1306,304,Master
1307,305,Master
1308,306,Master
1309,310,Master
1310,318,Master
1311,319,Master
1312,320,Master
1313,325,Master
1314,327,Master
1315,329,Master
1316,333,Master
1317,334,Master
1318,342,Master
1319,344,Master
1320,345,Master
1321,346,Master
1322,350,Master
1323,355,Master
1324,356,Master
1325,357,Master
1326,360,Master
1327,365,Master
1328,369,Master
1329,376,Master
1330,377,Master
1331,379,Master
1332,381,Master
1333,385,Master
1334,386,Master
1335,387,Master
1336,388,Master
1337,389,Master
1338,390,Master
1339,391,Master
1340,398,Master
1341,399,Master
1342,401,Master
1343,402,Master
1344,405,Master
1345,406,Master
1346,407,Master
1347,408,Master
1348,410,Master
1349,416,Master
1350,417,Master
1351,420,Master
1352,421,Master
1353,423,Master
1354,425,Master
1355,426,Master
1356,432,Master
1357,436,Master
1358,439,Master
1359,454,Master
1360,455,Master
1361,456,Master
1362,460,Master
1363,461,Master
1364,462,Master
1365,463,Master
1366,466,Master
1367,469,Master
1368,471,Master
1369,476,Master
1370,477,Master
1371,480,Master
1372,489,Master
1373,490,Master
1374,491,Master
1375,492,Master
1376,494,Master
1377,496,Master
1378,497,Master
1379,499,Master
1380,500,Master
1381,501,Master
1382,504,Master
1383,505,Master
1384,506,Master
1385,509,Master
1386,510,Master
1387,512,Master
1388,513,Master
1389,523,Master
1390,527,Master
1391,535,Master
1392,536,Master
1393,543,Master
1394,544,Master
1395,547,Master
1396,548,Master
1397,550,Master
1398,552,Master
1399,553,Master
1400,555,Master
1401,556,Master
1402,557,Master
1403,562,Master
1404,564,Master
1405,565,Master
1406,566,Master
1407,572,Master
1408,573,Master
1409,574,Master
1410,575,Master
1411,576,Master
1412,577,Master
1413,578,Master
1414,579,Master
1415,580,Master
1416,581,Master
1417,582,Master
1418,583,Master
1419,584,Master
1420,586,Master
1421,589,Master
1422,590,Master
1423,598,Master
1424,601,Master
1425,602,Master
1426,603,Master
1427,612,Master
1428,613,Master
1429,616,Master
1430,617,Master
1431,621,Master
1432,625,Master
1433,627,Master
1434,628,Master
1435,629,Master
1436,630,Master
1437,636,Master
1438,640,Master
1439,642,Master
1440,643,Master
1441,644,Master
1442,645,Master
1443,647,Master
1444,648,Master
1445,649,Master
1446,651,Master
1447,653,Master
1448,654,Master
1449,655,Master
1450,658,Master
1451,659,Master
1452,663,Master
1453,664,Master
1454,665,Master
1455,676,Master
1456,678,Master
1457,679,Master
1458,681,Master
1459,682,Master
1460,686,Master
1461,688,Master
1462,692,Master
1463,693,Master
1464,694,Master
1465,695,Master
1466,697,Master
1467,698,Master
1468,699,Master
1469,700,Master
1470,705,Master
1471,706,Master
1472,707,Master
1473,711,Master
1474,712,Master
1475,717,Master
1476,718,Master
1477,724,Master
1478,725,Master
1479,726,Master
1480,727,Master
1481,729,Master
1482,732,Master
1483,734,Master
1484,736,Master
1485,737,Master
1486,738,Master
1487,739,Master
1488,740,Master
1489,743,Master
1490,745,Master
1491,760,Master
1492,761,Master
1493,763,Master
1494,766,Master
1495,770,Master
1496,781,Master
1497,784,Master
1498,786,Master
1499,787,Master
1500,793,Master
1501,796,Master
1502,797,Master
1503,800,Master
1504,802,Master
1505,804,Master
1506,805,Master
1507,807,Master
1508,808,Master
1509,812,Master
1510,813,Master
1511,815,Master
1512,816,Master
1513,818,Master
1514,825,Master
1515,828,Master
1516,829,Master
1517,830,Master
1518,831,Master
1519,833,Master
1520,834,Master
1521,837,Master
1522,838,Master
1523,841,Master
1524,842,Master
1525,845,Master
1526,846,Master
1527,848,Master
1528,850,Master
1529,852,Master
1530,853,Master
1531,854,Master
1532,855,Master
1533,856,Master
1534,857,Master
1535,862,Master
1536,864,Master
1537,867,Master
1538,868,Master
1539,870,Master
1540,871,Master
1541,872,Master
1542,873,Master
1543,876,Master
1544,878,Master
1545,879,Master
1546,883,Master
1547,888,Master
1548,891,Master
1549,892,Master
1550,894,Master
1551,895,Master
1552,897,Master
1553,898,Master
1554,900,Master
1555,901,Master
1556,902,Master
1557,905,Master
1558,906,Master
1559,907,Master
1560,909,Master
1561,910,Master
1562,911,Master
1563,912,Master
1564,913,Master
1565,914,Master
1566,915,Master
1567,916,Master
1568,917,Master
1569,924,Master
1570,926,Master
1571,928,Master
1572,931,Master
1573,936,Master
1574,938,Master
1575,939,Master
1576,940,Master
1577,941,Master
1578,942,Master
1579,943,Master
1580,944,Master
1581,946,Master
1582,954,Master
1583,957,Master
1584,959,Master
1585,960,Master
1586,961,Master
1587,962,Master
1588,963,Master
1589,965,Master
1590,966,Master
1591,968,Master
1592,969,Master
1593,970,Master
1594,971,Master
1595,972,Master
1596,978,Master
1597,981,Master
1598,984,Master
1599,986,Master
1600,987,Master
1601,997,Master
1602,998,Master
1603,999,Master
1604,1002,Master
1605,1003,Master
1606,1008,Master
1607,1009,Master
1608,1011,Master
1609,1012,Master
1610,1013,Master
1611,1019,Master
1612,1020,Master
1613,1026,Master
1614,1033,Master
1615,1034,Master
1616,1035,Master
1617,1036,Master
1618,1037,Master
1619,1038,Master
1620,1039,Master
1621,1040,Master
1622,1042,Master
1623,1044,Master
1624,1045,Master
1625,1054,Master
1626,1055,Master
1627,1056,Master
1628,1057,Master
1629,1064,Master
1630,1068,Master
1631,1073,Master
1632,1074,Master
1633,1075,Master
1634,1079,Master
1635,1080,Master
1636,1081,Master
1637,1082,Master
1638,1083,Master
1639,1084,Master
1640,1088,Master
1641,1094,Master
1642,1095,Master
1643,1098,Master
1644,1099,Master
1645,1100,Master
1646,1103,Master
1647,1104,Master
1648,1105,Master
1649,1110,Master
1650,1111,Master
1651,1115,Master
1652,1118,Master
1653,1122,Master
1654,1126,Master
1655,1131,Master
1656,1133,Master
1657,1137,Master
1658,1138,Master
1659,1142,Master
1660,1143,Master
1661,1145,Master
1662,1146,Master
1663,1149,Master
1664,1150,Master
1665,1159,Master
1666,1160,Master
1667,1161,Master
1668,1162,Master
1669,1163,Master
1670,1168,Master
1671,1171,Master
1672,1172,Master
1673,1176,Master
1674,1180,Master
1675,1181,Master
1676,1182,Master
1677,1184,Master
